id,name,code
__export__.eagleedu_roomnumber_1_ca22cab3,104,104
__export__.eagleedu_roomnumber_37_9619d2dd,114,114
__export__.eagleedu_roomnumber_38_34a1076a,115,115
__export__.eagleedu_roomnumber_39_58fc7453,106,106
__export__.eagleedu_roomnumber_40_3acb7e5b,102,102
__export__.eagleedu_roomnumber_41_f8d4f79d,105,105
__export__.eagleedu_roomnumber_42_0f51aece,205,205
__export__.eagleedu_roomnumber_43_90efac8a,204,204
__export__.eagleedu_roomnumber_44_8d0de9c5,206,206
__export__.eagleedu_roomnumber_45_5bc4a4cd,202,202
__export__.eagleedu_roomnumber_46_7ecfe8b6,211,211
__export__.eagleedu_roomnumber_47_556d5b78,210,210
__export__.eagleedu_roomnumber_48_aab655b4,213,213
__export__.eagleedu_roomnumber_49_a079738a,208,208
__export__.eagleedu_roomnumber_50_b43ce9de,212,212
__export__.eagleedu_roomnumber_51_d155a714,402,402
__export__.eagleedu_roomnumber_52_8f3c5cb7,403,403
__export__.eagleedu_roomnumber_53_7147499d,303,303
__export__.eagleedu_roomnumber_54_f7fd6f9f,307,307
__export__.eagleedu_roomnumber_55_8a16cc0e,209,209
__export__.eagleedu_roomnumber_56_5057f189,404,404
__export__.eagleedu_roomnumber_57_905971cb,304,304
__export__.eagleedu_roomnumber_58_42fc2c79,113,113
__export__.eagleedu_roomnumber_59_b17d736f,405,405
__export__.eagleedu_roomnumber_60_06657a88,112,112
__export__.eagleedu_roomnumber_61_7160f638,501,501
__export__.eagleedu_roomnumber_62_5385a83b,502,502
__export__.eagleedu_roomnumber_63_1ecec3d6,309,309
__export__.eagleedu_roomnumber_64_08ddd591,401,401
__export__.eagleedu_roomnumber_65_abf6ac00,308,308
__export__.eagleedu_roomnumber_66_a73c1feb,406,406
__export__.eagleedu_roomnumber_67_d8eced5d,409,409
__export__.eagleedu_roomnumber_68_44373643,407,407
__export__.eagleedu_roomnumber_69_934af47a,408,408
